# {"t_start": 1659482831.766796, "env_id": "Bpp-v0"} 
r,l,t
3.66,26,5.501369
3.2,22,6.079453
3.14,20,7.559579
3.64,25,8.273587
2.69,20,10.076724
2.57,18,10.646415
3.44,22,11.23395
2.81,22,13.096839
2.83,20,13.677291
3.21,25,15.372959
2.74,18,15.946184
5.58,36,18.026297
1.7,13,18.442841
3.44,21,20.166782
3.75,25,20.884792
3.43,23,22.743977
4.07,28,23.48804
3.73,26,25.521408
3.78,24,26.236755
2.91,23,28.039629
2.16,17,28.486426
3.54,21,29.075188
3.99,28,30.91019
3.72,26,31.63376
4.24,26,33.667362
4.63,31,35.732764
3.55,23,36.32822
4.09,24,37.045667
4.66,29,38.957644
3.59,22,39.553947
2.62,19,41.201811
3.13,23,41.915002
3.67,24,43.594316
3.37,24,44.312301
3.4,24,46.054193
2.42,16,46.498286
2.33,16,46.939497
3.26,27,48.948399
2.55,18,49.399628
2.81,20,50.994516
4.06,27,51.838841
2.01,16,53.302432
2.2,17,53.753044
3.15,23,54.476639
1.88,13,55.98998
4.11,27,56.730068
2.15,17,57.182742
2.81,20,58.989868
2.55,18,59.559102
3.88,25,61.484038
2.93,19,62.048361
5.2,35,64.178984
2.71,20,64.759699
3.94,29,66.739289
3.13,23,67.33978
3.36,22,69.141716
4.7,27,69.879592
3.36,24,71.994545
2.68,18,72.445756
3.56,23,74.265752
2.6,19,74.844781
4.53,27,75.594999
3.14,21,77.17952
4.34,30,78.048868
1.73,13,79.537175
3.85,28,80.389187
2.8,17,82.048151
4.41,26,82.780778
2.79,19,84.620363
3.3,20,85.191291
4.41,28,87.299349
1.66,13,87.608669
3.69,24,88.320321
2.37,20,90.091382
3.0,19,90.664531
3.65,24,92.480113
2.41,17,92.924737
2.68,17,93.37658
2.74,18,95.204187
2.74,18,95.770505
4.63,33,97.764282
2.07,16,98.202237
2.97,21,98.900315
1.87,15,100.71127
2.06,15,101.143793
2.81,22,101.732491
1.9,12,103.021236
3.71,26,103.878975
6.03,39,106.181924
4.22,28,107.035688
2.82,18,108.599352
3.43,24,109.21326
3.59,22,110.990067
3.06,21,111.579927
3.04,19,113.39483
3.51,25,114.123684
2.97,19,114.698656
4.36,28,116.744667
4.14,26,117.475232
2.7,18,119.319097
4.19,26,120.054839
4.03,27,122.10161
1.7,12,122.404554
5.35,36,124.659272
4.22,29,125.524679
1.03,8,126.895749
3.46,21,127.479742
2.7,19,128.05379
4.48,32,129.990659
3.31,21,130.581335
2.95,21,132.493138
3.1,22,133.204486
3.89,28,135.186251
2.97,22,135.898216
3.74,28,137.952808
4.36,30,138.821787
4.93,32,140.84049
3.5,23,142.509332
2.26,16,143.086049
4.31,29,143.881072
3.42,24,145.611411
3.48,22,146.347978
3.23,21,147.95752
4.12,27,148.727333
4.04,24,150.450927
4.84,31,151.375003
3.23,22,153.098367
4.6,34,155.022758
4.92,31,156.047438
2.42,15,157.483305
4.5,32,158.392433
4.18,27,160.136429
4.8,31,161.194005
2.41,17,162.661392
2.64,18,163.252316
3.98,27,165.010712
3.23,24,165.771713
3.11,21,166.391099
2.74,18,167.951096
3.3,24,168.580254
4.01,28,170.510675
4.35,29,171.399927
4.12,25,173.112859
3.1,21,173.722488
4.34,33,175.762541
3.5,23,176.395306
4.54,30,178.285274
3.26,22,179.99872
4.01,27,180.767444
4.96,33,182.799514
5.34,35,183.863022
2.83,22,185.480604
3.12,23,186.21878
4.48,28,187.947503
4.02,24,188.687322
3.81,28,190.584164
2.45,19,191.058253
4.99,31,193.041074
4.74,33,194.935102
4.53,31,195.839463
3.51,21,197.542639
3.69,25,198.29106
1.29,9,198.471525
4.45,33,200.468446
3.99,26,201.220217
5.4,36,203.23406
4.26,34,205.244579
2.87,21,205.851919
3.34,23,207.589862
3.63,24,208.340613
4.69,32,210.217621
3.94,27,211.10021
4.65,32,212.967684
4.86,31,214.870957
2.51,20,215.471718
2.6,20,216.077339
4.22,25,217.843777
3.12,20,218.462392
3.53,24,220.218968
4.67,30,221.120959
2.95,22,222.691032
5.52,36,224.807047
3.12,19,225.286568
5.88,44,227.669921
4.19,32,229.69901
3.57,23,230.322832
4.64,30,232.200543
3.73,25,232.963303
2.48,20,233.573846
3.5,25,235.300392
5.32,39,237.46837
2.7,19,238.065286
3.37,24,239.820031
5.09,32,240.751884
5.27,36,242.849827
3.45,23,243.570471
4.03,24,245.575655
3.45,21,246.154525
2.95,20,247.966631
5.03,32,248.855826
4.26,24,250.562513
3.2,22,251.161744
3.56,22,253.088428
2.24,16,253.524043
3.89,30,255.372606
4.54,32,256.257178
2.18,17,257.844564
3.91,27,258.584287
2.79,17,260.102423
1.99,15,260.545163
2.85,19,261.008361
4.09,28,262.926861
3.21,25,263.646228
2.63,17,265.187281
5.72,38,266.325545
3.39,25,268.176733
5.92,40,270.475576
4.38,28,271.326086
2.84,20,272.944903
3.09,22,273.543886
5.08,33,275.509467
3.63,24,276.114377
3.56,26,278.260951
4.63,32,279.147497
3.63,26,281.008067
3.88,26,281.739273
3.39,21,283.445017
3.81,26,284.170149
4.8,32,286.032565
4.04,27,287.912125
3.68,31,288.793645
3.34,25,290.950705
4.04,30,291.84443
0.78,7,292.005138
2.74,21,293.571855
4.54,33,294.580375
3.69,25,296.347142
4.1,27,297.083594
3.66,25,299.005633
5.44,36,301.173114
5.05,33,302.057772
5.07,30,303.880003
3.45,24,304.602112
4.28,28,306.590281
5.24,36,308.55834
4.84,33,309.447278
4.33,29,311.406849
3.07,18,311.973669
3.16,20,313.482223
5.64,39,315.63988
3.17,22,316.230377
4.19,29,318.067645
5.04,31,318.934396
3.24,21,320.522955
4.13,29,321.390763
5.54,36,323.337336
2.89,20,323.92271
3.59,23,325.557983
5.19,31,326.423612
4.45,27,328.168474
6.07,42,330.471742
4.2,28,331.212803
4.38,29,333.174515
4.02,29,334.042997
4.25,30,335.954408
4.23,28,337.760043
5.68,40,338.930987
3.56,24,340.519797
4.78,31,342.502494
3.57,26,343.231201
3.93,27,345.287785
5.21,34,346.303815
3.77,28,348.153837
4.01,27,348.878749
5.06,35,350.963641
5.44,37,353.191312
4.1,26,354.024675
3.09,20,355.59847
5.53,37,356.629076
5.36,34,358.826345
5.82,37,360.787447
5.04,33,362.845921
4.82,33,363.744301
0.6,5,363.891135
5.0,33,366.091325
5.72,37,368.163175
4.79,31,369.152775
1.17,8,369.321056
3.55,25,371.187829
4.05,27,373.188085
4.12,28,373.923673
5.76,39,376.095585
4.68,29,376.958705
4.09,25,378.616059
5.35,38,381.123938
4.35,30,381.992694
4.28,30,383.756441
4.56,28,384.611392
5.58,39,386.773744
5.07,31,388.639065
5.32,36,390.720495
3.54,23,391.439303
5.19,37,393.459712
3.05,24,394.17862
5.77,38,396.333525
3.68,28,398.075717
3.59,23,398.791522
4.98,34,400.900201
5.3,35,401.924113
5.37,37,403.985395
3.8,23,405.590033
5.49,36,406.606934
4.63,34,408.550702
0.18,2,408.563634
6.03,39,410.761418
4.65,30,411.629796
5.91,35,413.728455
5.77,36,415.688845
4.57,33,417.954838
3.79,23,418.553002
6.18,38,420.675268
4.82,30,421.545759
5.5,35,423.750243
5.03,32,425.824449
4.65,30,426.690219
5.3,37,428.777689
4.89,32,430.643503
3.81,28,431.500991
5.73,37,433.621957
4.08,27,434.3581
4.94,36,436.414492
4.23,28,438.252414
4.2,32,439.24611
5.88,38,441.272078
4.1,28,443.202273
5.43,35,444.235627
4.64,33,446.232577
4.28,30,448.065491
5.26,37,449.212885
5.5,36,451.209744
6.53,41,453.704463
4.4,33,455.778099
3.6,22,456.369318
5.72,41,458.468929
1.58,12,458.885472
5.14,35,460.883904
2.05,13,461.198919
5.25,35,463.20936
5.93,36,465.34834
5.53,33,466.230409
5.92,41,468.317128
4.01,32,470.462677
5.71,38,471.503228
3.9,28,473.326796
5.72,42,475.597693
5.24,32,476.606103
0.18,2,476.618659
5.52,37,478.868621
4.67,27,480.577552
5.61,37,481.62837
6.02,43,483.836115
5.63,38,485.976167
5.07,32,487.845045
4.14,29,488.701616
5.16,33,490.693765
6.23,39,492.737443
4.49,30,493.609705
5.56,36,495.729399
5.81,36,498.008943
5.48,35,499.964151
4.65,31,500.841197
5.13,38,502.939806
4.43,30,503.809005
5.82,41,506.179932
3.45,23,508.200768
4.97,35,509.212677
4.94,34,511.352067
6.27,44,513.664981
5.8,37,515.779096
3.35,25,516.506383
4.58,30,518.454828
5.53,36,520.558188
4.19,30,521.422403
5.79,38,523.620256
5.66,35,525.740691
6.45,43,528.051738
5.34,35,529.058643
5.67,35,531.097221
4.77,31,532.904779
5.73,40,534.070113
6.03,36,536.242739
4.47,32,538.136376
4.58,32,539.132694
5.08,30,541.360175
5.41,39,543.752414
5.43,36,544.78442
5.55,34,546.835497
6.03,40,548.897482
4.67,32,550.708413
6.08,40,551.869374
5.74,40,553.968174
5.13,34,556.076874
5.75,37,558.222436
4.86,33,559.252375
5.86,37,561.180243
6.81,44,563.521205
4.62,29,564.406386
5.22,38,566.393639
5.75,37,568.653817
4.67,32,570.536245
5.15,37,571.761845
4.74,31,573.753675
6.53,43,575.838152
6.41,43,578.057192
6.42,41,579.258093
5.68,42,581.709319
6.87,43,583.869703
5.07,34,585.867078
5.69,40,587.953396
5.76,40,589.106691
4.37,29,590.999633
6.76,42,593.09044
4.59,30,593.962302
6.28,40,596.19027
6.89,45,598.566527
6.69,39,600.873645
4.53,32,602.961715
5.63,39,604.125439
5.4,38,606.355249
6.63,46,608.682596
4.49,32,610.828233
5.69,39,612.003636
6.63,44,614.336044
6.44,42,616.522205
5.25,36,618.793555
4.87,34,620.785366
4.9,36,621.942605
5.32,37,623.961502
5.58,37,625.898605
4.94,32,626.892891
6.02,39,629.05795
3.62,26,630.878414
4.84,31,631.750209
3.07,23,633.424337
7.09,49,635.780097
5.77,41,638.090821
3.53,26,638.833772
5.46,36,640.832489
4.98,30,641.688371
4.89,31,643.648827
6.63,43,645.93056
5.22,32,647.697024
4.64,33,648.69667
6.36,42,651.056751
5.58,36,653.114668
6.43,44,655.489635
5.29,35,656.498149
4.72,31,658.393631
5.75,37,660.586778
5.0,32,661.468951
4.61,29,663.221077
3.86,27,663.959595
4.96,34,665.947175
6.19,41,668.104941
5.89,39,670.521921
6.36,40,672.624953
7.43,50,675.211738
5.33,38,676.351474
5.41,37,678.405848
4.85,35,680.431137
4.43,28,681.297412
5.83,39,683.42074
5.31,35,685.350018
6.82,45,687.541366
6.3,45,689.827347
5.36,36,690.842214
5.56,35,692.873034
5.56,35,694.946418
6.15,41,697.194437
2.36,18,697.76
5.5,35,699.81559
6.43,41,700.991593
6.03,39,703.371966
6.77,45,705.886052
6.43,41,708.136757
6.09,43,710.471415
6.03,45,712.812142
4.55,26,713.654651
6.52,46,715.931606
7.22,50,718.405355
5.05,34,720.502974
4.91,33,721.385977
5.5,35,723.757419
6.9,48,726.189268
5.26,35,728.201504
6.65,36,730.212172
6.32,42,731.395903
6.32,40,733.507892
5.46,36,735.565544
5.04,35,737.648869
5.7,41,738.81287
6.96,48,741.153566
6.18,41,743.506292
5.55,34,745.394852
6.29,42,747.71617
3.83,26,748.44076
5.96,42,750.594417
4.97,32,752.75999
6.6,41,755.05159
5.76,40,756.210194
6.1,43,758.522007
5.91,40,760.839909
6.52,46,763.216769
5.57,38,765.258818
4.59,31,766.243498
5.66,39,768.372767
4.88,33,770.479907
5.71,35,771.504239
5.47,39,773.618512
5.12,34,775.668941
7.06,45,777.933608
6.56,42,780.309395
6.25,46,782.64259
5.93,40,783.808661
5.34,33,785.935068
6.04,43,788.086291
5.79,41,790.346508
5.84,42,792.544499
5.53,34,793.594635
5.53,37,795.72943
6.71,46,797.984789
6.33,43,800.241311
7.02,40,802.340362
6.24,41,803.496146
5.18,35,805.491368
7.02,43,807.810901
6.7,42,809.986911
4.24,28,810.848542
0.12,2,810.860064
6.05,37,813.00995
5.93,36,815.075493
7.04,45,817.402405
4.95,31,818.261498
4.62,33,820.295467
5.8,40,822.504488
5.6,38,824.611714
6.87,45,825.908065
3.79,22,827.76572
4.94,29,828.51584
4.92,28,830.4447
5.52,36,832.426834
6.03,37,834.545642
5.22,36,835.566291
6.29,42,837.929565
6.69,44,840.221455
4.15,29,842.088435
5.58,38,843.127411
4.63,33,845.271071
5.81,36,847.29167
5.75,40,848.456938
6.1,38,850.889416
6.07,39,853.200777
5.91,39,855.327797
5.67,36,857.554506
6.29,38,858.59991
6.19,43,860.935471
6.26,40,863.11343
6.04,39,865.381998
2.81,16,865.81947
6.1,39,868.121164
6.79,47,870.666128
3.63,25,871.388134
6.46,42,873.760815
6.63,40,875.919217
6.3,41,878.139908
7.08,45,880.475369
5.93,38,881.51409
6.76,42,883.780702
6.3,39,885.874736
5.21,32,887.897471
5.94,41,889.06162
4.3,29,891.137128
7.89,54,893.68429
6.82,44,895.840553
5.73,37,897.954373
6.18,39,900.123768
5.64,39,901.161292
6.23,41,903.461464
5.11,34,905.311159
6.42,40,907.592968
7.04,47,910.094001
5.85,41,911.261986
6.56,44,913.486664
4.46,30,915.386304
6.95,47,917.824858
5.49,35,918.843787
5.48,38,920.936771
5.17,32,922.979439
5.09,35,924.971715
4.68,34,925.987764
5.88,41,928.130354
6.0,37,930.388252
5.65,38,932.545176
4.72,31,933.422025
6.35,45,935.992844
6.08,40,938.37859
5.89,40,940.54805
7.27,50,943.066866
5.15,35,944.073279
6.85,45,946.579196
6.11,41,948.866673
6.65,43,951.129451
6.52,45,953.51332
7.06,50,955.986689
6.69,49,958.74023
4.87,34,960.832657
5.93,37,961.855943
3.05,21,963.604551
5.39,37,964.74847
5.05,34,966.810612
6.98,46,969.426047
5.17,40,971.746282
6.23,41,973.879545
5.45,37,974.907329
6.53,42,977.432168
3.52,22,978.937672
4.99,37,980.07336
4.75,32,982.128669
5.36,34,984.166738
5.84,40,986.361015
5.84,40,987.527834
2.44,17,988.987127
5.96,38,990.145018
4.31,28,991.949147
7.75,46,994.508378
5.68,35,996.585253
6.79,46,998.87396
7.62,47,1000.184098
7.16,50,1002.667948
6.68,40,1004.869789
6.95,46,1007.211373
5.29,40,1009.458608
6.5,41,1011.750103
6.15,41,1013.857522
6.07,41,1015.040018
6.0,38,1017.158609
7.65,49,1019.420965
7.29,45,1021.727027
6.79,45,1024.109269
6.92,44,1026.51822
6.21,41,1028.651406
6.72,47,1031.057417
7.53,52,1033.700541
7.61,49,1036.397465
5.93,41,1037.557776
6.03,41,1039.873451
7.5,48,1042.33633
6.46,40,1044.685621
6.65,45,1047.094627
6.01,41,1049.313415
5.59,37,1051.538845
6.49,42,1052.771415
6.81,44,1055.147358
5.34,39,1057.357263
6.24,43,1059.527778
6.55,40,1061.728516
6.33,43,1064.076635
8.09,54,1066.708122
6.84,46,1069.162068
6.58,44,1070.486214
5.64,41,1072.749312
6.88,47,1075.119424
2.61,18,1076.784542
5.99,39,1077.948164
7.43,46,1080.314665
7.47,48,1082.87046
7.13,49,1085.421247
6.15,40,1087.673253
6.45,41,1089.90597
6.55,42,1092.553949
5.58,34,1093.605069
5.08,31,1095.732612
6.84,46,1098.033319
7.21,45,1100.320015
6.58,42,1102.683054
7.43,44,1103.988395
4.66,32,1106.056484
5.61,36,1108.229672
6.09,42,1110.526128
5.56,36,1111.630062
5.43,35,1113.722768
5.02,34,1115.868585
6.05,41,1118.233342
7.14,46,1120.738986
6.55,45,1122.043986
6.22,39,1124.232308
7.34,45,1126.629158
7.98,53,1129.357318
6.75,44,1131.828529
7.21,48,1134.321945
5.79,39,1136.706303
5.49,37,1138.970567
6.38,42,1140.126841
7.05,43,1142.513384
6.42,42,1144.74078
6.27,44,1147.300514
6.07,38,1149.460328
6.59,46,1151.914142
5.57,34,1152.796391
6.86,43,1155.177058
7.2,47,1157.449032
6.74,44,1159.685324
2.09,15,1160.117184
7.3,48,1162.907441
6.82,45,1165.340444
6.97,48,1167.978398
7.06,47,1170.582722
6.8,45,1172.900887
8.25,54,1175.494281
6.37,42,1177.663246
6.17,44,1180.056313
6.26,43,1182.338118
5.87,39,1183.494182
7.27,47,1186.42091
7.34,45,1188.668876
7.2,46,1191.173787
6.67,47,1193.622733
6.73,46,1196.117268
5.33,33,1198.227413
7.52,49,1200.708432
6.87,45,1202.98253
6.82,47,1204.295477
6.33,44,1206.622622
6.11,39,1208.968688
6.88,44,1211.535689
6.92,43,1213.698466
6.5,44,1216.350143
6.36,44,1218.714154
5.62,34,1219.737115
6.74,46,1222.149404
8.04,52,1224.72004
4.76,29,1226.706298
4.75,30,1227.604095
6.37,41,1229.809341
5.57,35,1231.937295
6.13,43,1234.334459
7.76,52,1236.800902
6.48,45,1239.105113
7.23,47,1241.587213
6.31,44,1243.836244
7.69,49,1246.447203
7.53,50,1248.914703
6.84,46,1250.242309
6.78,41,1252.497586
5.69,37,1254.778897
6.58,45,1257.241176
6.98,45,1259.568955
5.55,39,1261.87919
7.23,51,1264.477384
5.62,33,1265.473781
7.37,52,1268.139914
6.18,42,1270.335992
8.01,49,1272.748383
4.8,32,1274.983404
6.43,38,1277.267778
7.58,51,1279.806125
6.44,44,1281.118526
7.41,45,1283.544661
1.41,12,1285.016611
5.55,32,1285.922363
5.46,35,1288.043525
7.47,50,1290.730133
6.96,48,1293.194158
5.96,38,1295.376023
7.86,56,1298.195504
5.29,36,1300.304403
6.24,37,1301.325572
7.7,55,1304.154865
6.76,46,1306.432653
6.13,36,1308.55291
5.94,39,1310.778712
5.88,40,1312.991376
6.51,47,1315.45862
7.39,49,1316.805198
6.16,39,1318.99694
6.72,42,1321.50668
6.69,46,1324.125201
6.91,48,1326.704734
6.78,43,1329.10164
7.25,49,1331.799344
6.72,46,1334.340582
7.43,48,1337.01191
6.08,39,1338.186026
5.02,32,1340.46379
3.44,23,1342.32881
6.72,48,1345.113723
6.64,43,1346.55338
7.64,49,1349.20453
6.68,43,1351.859592
5.86,36,1354.16159
6.28,38,1356.648473
6.76,44,1359.42477
4.24,27,1360.270397
5.43,38,1362.711974
5.34,36,1365.001976
7.11,48,1367.935614
5.81,40,1369.248257
6.37,42,1371.987969
6.36,44,1374.639132
6.46,44,1377.305018
5.67,35,1379.61019
6.51,43,1382.402353
7.88,51,1385.231789
6.91,46,1386.743433
7.08,44,1389.527922
6.94,42,1392.234978
6.26,42,1394.836656
6.99,43,1397.454718
5.64,35,1399.772392
4.64,30,1400.753027
6.72,47,1403.522715
7.53,46,1406.203205
5.9,37,1408.82504
8.01,55,1412.025285
6.36,42,1414.655628
5.89,41,1417.451944
5.81,38,1418.762919
6.76,46,1421.551676
6.8,44,1424.256797
6.97,45,1426.985128
6.9,49,1429.833176
7.31,48,1432.618301
5.58,40,1435.185609
7.75,51,1438.040167
6.78,45,1440.750115
7.38,47,1443.651398
5.99,38,1444.976394
6.73,41,1448.436327
6.89,44,1451.507674
7.58,51,1454.611407
7.51,44,1457.664219
6.76,44,1460.370013
7.36,52,1463.418278
7.2,47,1466.537744
6.54,46,1471.591601
6.59,45,1474.391845
7.06,43,1477.046822
7.15,50,1479.833081
7.35,45,1481.495988
5.39,40,1484.275455
6.8,41,1486.987752
7.13,44,1489.711374
5.64,38,1492.215226
0.57,4,1492.380299
6.65,41,1494.95545
7.26,46,1498.049752
7.3,53,1501.061921
6.56,47,1503.817517
5.76,38,1505.081071
7.25,50,1507.898313
7.04,47,1510.728812
7.4,49,1513.53143
6.8,44,1516.198714
7.1,48,1519.105741
7.1,46,1521.740946
7.05,49,1524.716671
6.67,40,1527.276245
7.16,47,1530.100805
6.04,39,1531.409444
7.64,52,1534.363412
7.02,47,1537.386223
6.66,40,1540.155775
6.93,44,1543.215868
7.18,47,1546.268518
6.42,40,1549.126381
6.33,41,1552.056972
7.69,51,1555.311838
7.76,51,1558.513157
6.03,39,1559.822418
6.85,43,1562.769017
5.96,41,1565.568277
7.46,48,1568.7731
6.31,39,1571.571519
7.09,45,1574.545189
7.06,49,1577.503236
6.26,41,1580.332775
6.78,47,1583.295552
6.73,44,1584.939371
6.73,41,1587.671949
6.05,39,1590.599305
7.48,51,1593.72583
7.39,49,1597.089041
6.75,45,1599.935163
7.01,48,1603.152001
6.77,49,1606.177776
4.09,30,1607.266314
7.42,51,1610.316998
5.57,39,1613.07618
6.96,42,1616.034464
7.5,49,1619.128119
6.29,43,1622.072172
6.6,43,1625.063241
7.28,44,1627.986871
6.25,38,1629.503885
7.24,47,1632.612906
5.63,34,1635.288898
5.78,39,1638.203484
5.44,38,1641.094195
7.41,49,1644.466513
7.25,49,1647.800432
4.48,28,1648.916907
7.62,49,1652.310893
4.38,29,1654.545993
3.82,25,1655.472804
6.77,44,1658.606257
5.19,33,1661.433993
7.54,50,1664.823451
6.67,40,1667.605407
7.48,50,1670.84754
7.27,46,1672.790437
7.11,46,1676.826294
6.6,45,1679.883562
7.74,52,1683.369909
5.63,35,1686.088735
6.49,48,1689.510386
6.97,49,1693.164119
5.55,35,1696.056365
2.43,18,1696.814597
7.45,46,1699.867535
7.52,48,1703.005159
6.42,44,1706.116181
7.26,48,1709.299735
6.0,42,1712.060249
7.33,51,1715.129135
7.54,46,1718.6575
7.37,50,1722.555357
7.65,51,1726.15057
7.09,49,1729.506313
6.7,49,1731.329204
7.1,44,1734.360764
6.82,44,1737.501143
6.31,44,1740.594948
6.99,43,1743.520571
7.76,50,1747.114706
6.0,39,1750.254591
6.66,44,1753.608841
6.35,44,1757.034199
5.04,33,1758.352985
7.02,51,1761.944208
6.55,43,1765.184237
6.5,45,1768.271274
6.54,43,1771.373834
6.74,45,1774.485016
7.97,49,1777.836296
7.26,47,1781.059787
5.73,39,1782.724037
6.07,43,1785.816673
6.81,47,1789.180492
4.62,32,1791.813553
7.18,47,1795.148898
7.04,44,1798.154365
7.05,50,1801.54406
6.77,42,1804.747968
6.95,44,1806.485591
7.55,50,1809.888661
6.21,43,1812.88594
6.53,41,1815.772145
6.34,44,1818.929596
6.34,45,1822.138651
6.83,46,1825.286601
6.99,44,1828.591882
7.73,52,1832.137758
7.27,45,1835.072
6.38,44,1836.51244
7.3,47,1839.442389
7.81,50,1842.497075
7.55,51,1845.387066
7.22,51,1848.227869
8.21,54,1852.503644
7.04,40,1853.843435
1.45,11,1855.557079
6.14,40,1856.922547
6.84,47,1859.818255
6.8,45,1862.633944
7.25,47,1865.412417
6.53,46,1868.175571
2.43,18,1868.874129
7.52,52,1871.889352
6.34,40,1874.564701
7.9,55,1877.643814
6.56,42,1880.309569
7.48,49,1883.10832
7.72,54,1886.182774
6.09,36,1888.572206
5.75,42,1891.458893
6.23,41,1894.004509
7.45,48,1897.00162
6.63,43,1898.392366
6.65,43,1901.142139
6.91,47,1903.965181
6.84,48,1907.147692
6.85,45,1909.971293
7.64,49,1912.997974
6.83,46,1915.753031
7.36,51,1918.721768
6.01,40,1921.41684
6.81,40,1923.951879
7.2,45,1926.703913
7.31,46,1928.274054
6.93,45,1931.265209
6.42,42,1934.016763
6.66,48,1936.804644
5.57,35,1939.337108
7.14,41,1941.872787
5.32,32,1943.059868
5.56,35,1945.443052
7.09,49,1948.451263
6.0,42,1951.158257
6.76,46,1953.83529
4.53,30,1954.852749
7.01,44,1957.62823
3.32,24,1959.729732
6.37,44,1962.631018
5.09,31,1963.63917
6.27,42,1966.355207
7.01,48,1969.483267
4.34,28,1971.659024
6.53,44,1973.248538
7.87,53,1978.049083
5.8,39,1979.384958
4.22,29,1981.530596
6.84,44,1984.233599
6.95,46,1987.004734
5.26,34,1988.194595
4.21,29,1990.500803
7.4,47,1993.253747
7.22,47,1996.135969
5.43,36,1998.584056
8.06,55,2001.773192
6.55,40,2003.184681
6.37,44,2005.948157
6.61,46,2008.763335
6.97,42,2011.436221
7.78,50,2014.38075
5.9,41,2017.205844
7.45,48,2020.114144
6.31,44,2022.974197
7.83,51,2025.958457
7.39,45,2028.806192
6.88,47,2031.729378
6.55,45,2034.555497
6.42,44,2035.977327
1.28,8,2037.544011
7.72,46,2039.092714
0.74,5,2040.523631
7.27,46,2042.054284
7.67,50,2044.980601
6.58,44,2047.739505
3.92,29,2050.033824
7.32,52,2052.933478
7.29,51,2056.009676
6.25,43,2058.513226
6.87,44,2061.281911
7.19,50,2064.162029
6.82,44,2067.056259
7.05,47,2069.72032
7.18,46,2071.284755
6.67,42,2073.911366
6.14,41,2076.73499
6.75,46,2079.456899
7.22,46,2082.247198
7.21,44,2084.992864
7.27,46,2087.754759
7.09,48,2090.943262
6.63,42,2093.440981
7.43,45,2094.970326
6.76,47,2098.168987
5.75,36,2100.691678
7.02,47,2103.383797
6.11,39,2105.990218
7.52,52,2109.077888
1.53,12,2109.435532
6.38,39,2111.998625
6.82,45,2114.701695
7.53,48,2117.465615
6.25,38,2120.108005
2.98,20,2120.778125
7.35,48,2123.882526
6.43,40,2126.520232
7.57,48,2129.408463
7.12,50,2132.354838
6.08,40,2133.726228
7.06,46,2136.417669
6.85,47,2139.25309
7.17,51,2142.180194
6.79,46,2145.097983
2.8,21,2147.024509
5.82,37,2148.36482
7.23,47,2151.376091
6.48,40,2154.553474
6.77,47,2157.561582
6.49,41,2160.214397
7.53,45,2163.051632
8.07,56,2166.104216
7.23,47,2168.909401
5.97,38,2171.564107
7.37,50,2174.583423
5.44,39,2175.932003
7.24,46,2178.635616
7.14,46,2181.330448
6.36,44,2184.139956
6.27,40,2186.727928
6.12,42,2189.258822
6.92,47,2192.257955
6.05,41,2194.795964
6.61,45,2196.272191
6.93,48,2199.139809
7.11,49,2201.753717
7.45,47,2204.499515
6.86,45,2207.331287
6.89,44,2209.909741
7.35,46,2212.44232
7.12,46,2215.072844
5.68,38,2217.46437
6.15,37,2218.598213
7.44,50,2221.334365
7.24,48,2224.105996
5.98,41,2226.600068
6.87,45,2229.146346
5.8,37,2231.433267
6.95,46,2234.274777
7.92,51,2237.212892
7.58,49,2239.946448
6.71,48,2242.692805
7.26,51,2245.462816
7.06,43,2247.898108
7.38,48,2250.372043
6.8,43,2251.763265
6.75,46,2254.285974
3.53,20,2256.072824
7.31,43,2258.502362
7.12,46,2260.999027
8.49,57,2263.852432
7.7,50,2266.547314
4.7,29,2267.492802
7.4,48,2270.303919
7.38,49,2272.948805
7.37,50,2275.67948
7.01,47,2278.202898
6.11,38,2280.531535
6.42,43,2283.386624
6.96,47,2286.121709
6.75,46,2288.644417
6.37,42,2289.927108
7.9,53,2293.822253
6.84,42,2295.110492
7.25,45,2297.667587
8.14,51,2300.5343
7.08,48,2303.438825
7.6,52,2306.248971
7.33,53,2309.10872
6.49,42,2311.527742
8.04,49,2314.237706
6.71,42,2316.76868
4.32,29,2318.74602
6.79,45,2320.222641
5.87,41,2322.815546
7.32,44,2325.27636
7.51,47,2328.012316
7.19,50,2330.8644
7.59,50,2333.673905
8.24,50,2336.505467
4.79,31,2338.695834
1.65,14,2339.206734
6.96,47,2341.990857
6.15,42,2344.885416
7.11,52,2347.874718
6.47,42,2350.708781
7.03,48,2353.731798
6.79,45,2356.775333
4.7,31,2357.811625
3.63,24,2359.969773
7.93,49,2363.059684
7.35,44,2365.985768
6.11,43,2367.403164
6.75,43,2370.343689
5.98,38,2372.911339
6.22,43,2375.762936
7.83,51,2378.842325
7.22,49,2382.042209
7.22,48,2385.463568
7.11,51,2388.832282
7.51,50,2392.181737
7.13,51,2395.650273
7.64,50,2402.462988
6.86,42,2406.120679
7.31,52,2411.077192
8.18,56,2419.053312
4.72,29,2421.02096
6.57,44,2426.679239
7.26,50,2432.81118
6.93,52,2438.337968
7.31,51,2444.31163
6.93,45,2449.567825
7.33,46,2454.895298
7.01,50,2460.489263
6.57,41,2465.692099
6.88,45,2470.784093
6.98,44,2475.62959
6.58,45,2481.076669
7.11,46,2486.893572
7.7,51,2492.364048
6.52,44,2497.181418
7.11,44,2499.586564
6.77,43,2504.613447
6.08,39,2509.381218
8.07,52,2514.68421
6.35,42,2519.477001
7.6,51,2525.094683
6.67,46,2530.18426
6.09,42,2534.969393
6.24,43,2539.824246
6.34,40,2542.428096
1.72,14,2545.772746
6.07,38,2547.970885
7.66,49,2554.276181
6.62,43,2560.017778
1.94,14,2564.082505
6.99,47,2567.444277
4.93,29,2572.193399
6.84,48,2576.633375
6.3,42,2580.358644
8.7,56,2585.383763
7.2,49,2589.13976
6.87,39,2592.788243
8.11,51,2596.954266
6.55,41,2600.370849
6.32,47,2602.419767
7.0,50,2606.493557
7.22,43,2609.896111
6.31,43,2614.191177
7.25,50,2619.008385
7.4,50,2623.357141
6.87,44,2626.643797
7.0,48,2630.361512
6.75,45,2634.66703
7.35,47,2638.596901
7.6,55,2643.113748
6.85,47,2647.656454
6.77,46,2652.017918
7.15,47,2656.637457
8.59,58,2662.741656
6.91,46,2667.935655
7.58,55,2673.844145
8.26,52,2679.393177
7.58,47,2684.336395
7.01,47,2689.018142
6.69,47,2696.363263
5.18,33,2698.572795
7.6,49,2704.005805
1.52,12,2706.843329
4.69,33,2708.88252
7.14,50,2713.558782
6.49,45,2718.214618
6.72,45,2724.083282
6.52,45,2728.829058
7.4,50,2733.683543
6.85,42,2737.754633
7.39,51,2742.523265
0.69,5,2742.775943
7.58,51,2747.443981
7.84,52,2751.610554
6.37,40,2756.78879
2.96,21,2758.003697
6.63,48,2761.998984
7.83,52,2766.557453
5.88,42,2770.266354
6.85,47,2774.332103
6.68,43,2778.460752
6.93,46,2782.904363
6.78,47,2787.629053
7.28,52,2792.755334
6.17,40,2797.326156
6.97,46,2801.811487
6.59,41,2803.585521
8.38,50,2807.46252
6.06,39,2811.057329
7.51,48,2815.849834
6.34,42,2819.521738
7.21,51,2823.676993
1.05,7,2824.159294
7.87,48,2827.989378
6.57,39,2831.513806
6.74,42,2835.424098
7.31,51,2840.321071
7.53,50,2848.671529
8.12,55,2853.495107
7.06,46,2857.295946
7.3,51,2863.726211
7.35,44,2867.688939
6.96,44,2871.528792
7.52,46,2874.513713
7.3,49,2878.499153
7.84,57,2884.342913
6.33,34,2885.889742
6.47,39,2889.478277
6.68,46,2893.181452
6.07,42,2896.758722
6.89,44,2901.157815
8.08,53,2906.942037
4.9,32,2908.307972
7.69,51,2912.451782
7.53,53,2916.792587
4.95,35,2920.027124
7.56,50,2924.029581
5.76,41,2928.219243
6.79,45,2932.28946
7.54,56,2937.75995
7.95,52,2942.150103
6.94,47,2946.115349
7.78,48,2950.367505
7.84,49,2954.421907
7.28,48,2958.574775
8.05,54,2963.701046
7.7,51,2968.023282
7.85,53,2972.989436
5.71,36,2976.480461
6.18,41,2979.834407
7.51,51,2984.063178
6.8,45,2986.186619
6.64,44,2989.988403
8.28,54,2994.72386
7.88,52,2998.681482
6.73,47,3003.167846
6.98,50,3007.152815
8.04,52,3012.10454
6.49,40,3015.831715
8.21,56,3021.873172
7.64,53,3026.90735
7.92,54,3032.812848
6.93,44,3035.033734
5.79,34,3038.087672
3.2,23,3040.928106
5.99,36,3042.523675
8.04,52,3046.825341
8.46,57,3051.17651
6.86,45,3055.47999
6.39,42,3059.133069
7.1,47,3063.279679
6.71,47,3067.215984
6.52,46,3071.041029
7.6,47,3074.988355
7.81,54,3079.287584
7.53,45,3083.507807
8.09,55,3087.782617
8.28,56,3092.059941
6.08,40,3095.497156
8.0,54,3099.774108
6.3,43,3103.368479
7.8,51,3107.353108
6.94,43,3111.102126
5.94,37,3112.898362
7.6,54,3119.428367
6.65,41,3121.546169
7.82,49,3125.94003
8.21,54,3130.866067
8.18,50,3135.28921
7.73,55,3141.407951
8.14,56,3146.49769
8.06,53,3150.975446
7.34,52,3155.194953
7.57,50,3159.738253
7.92,55,3164.555171
6.71,46,3168.753017
6.28,40,3173.05258
6.98,48,3177.41448
7.56,45,3179.943565
7.69,49,3184.226519
7.3,45,3188.093246
7.4,46,3192.585886
7.02,45,3196.848336
7.73,53,3201.796783
6.46,42,3205.813084
6.34,41,3209.738175
7.43,45,3214.154916
7.42,54,3218.624244
7.83,54,3223.382845
7.94,52,3227.705673
7.4,48,3232.29525
8.52,55,3236.868775
6.44,41,3241.053884
7.69,45,3247.274745
7.82,51,3252.560341
6.1,41,3256.017881
7.44,50,3259.969231
8.19,49,3265.512467
7.86,51,3269.847103
4.33,28,3271.311743
7.38,50,3275.302707
7.43,50,3279.371237
7.56,49,3283.923336
3.33,23,3286.764989
8.09,55,3291.646455
6.75,42,3295.754019
7.31,50,3300.059642
8.22,53,3304.598781
7.95,53,3309.638139
7.04,49,3313.985
7.4,47,3318.098506
7.74,50,3322.979707
7.79,53,3328.390865
7.72,49,3332.634216
7.95,48,3337.580196
7.95,51,3341.994353
7.94,55,3346.690687
8.17,51,3351.508821
8.17,54,3356.058586
2.52,17,3357.060909
7.3,49,3362.258186
7.82,52,3366.679097
7.76,52,3371.10554
8.31,54,3376.022222
7.66,52,3381.01809
8.33,56,3385.397101
8.92,58,3391.460073
7.7,54,3395.579223
8.41,56,3399.937159
7.29,46,3403.969729
7.68,49,3407.714892
8.45,53,3411.794986
7.61,54,3415.952583
6.92,45,3419.767832
7.19,46,3423.515294
8.49,54,3427.627978
7.81,53,3431.68975
7.35,48,3436.244522
6.4,44,3440.196678
7.31,53,3444.677986
7.87,53,3449.303896
7.29,45,3452.820905
8.35,56,3456.318264
6.95,45,3459.450734
7.61,50,3462.650108
7.52,51,3465.989424
7.96,54,3469.564101
6.65,43,3472.698061
7.71,47,3475.806692
7.32,46,3477.512347
7.07,42,3480.618049
7.24,51,3483.980466
7.14,51,3487.296576
7.03,51,3490.533859
7.87,49,3493.810538
6.2,42,3496.779308
8.25,54,3499.950146
6.52,38,3502.700222
7.63,50,3505.806986
8.49,55,3509.154079
6.36,42,3512.048122
7.58,48,3515.458149
7.51,53,3518.91958
6.94,47,3522.201428
7.8,53,3525.673599
7.86,54,3529.169596
6.82,46,3532.582739
7.71,51,3536.037525
6.79,48,3539.209001
8.09,56,3542.909601
8.43,53,3546.132826
7.85,56,3549.606276
7.8,52,3553.181735
8.23,54,3556.922272
8.15,57,3562.534724
7.98,52,3566.781863
8.02,53,3572.003476
7.65,47,3577.006282
7.28,47,3582.231123
8.02,54,3587.603056
7.56,48,3592.517732
7.39,47,3597.714969
6.27,41,3600.160115
7.14,44,3604.960306
7.75,57,3610.604903
7.62,48,3615.76933
7.75,49,3620.824
7.81,52,3626.228815
8.2,54,3631.681655
8.05,52,3636.792963
6.0,37,3641.186955
6.14,38,3645.799861
7.17,49,3650.941104
4.16,26,3652.505879
7.96,52,3657.636231
8.69,59,3665.385124
8.16,52,3670.791672
7.32,47,3675.948537
8.04,52,3681.049936
8.18,57,3686.774719
7.87,51,3691.845618
7.74,49,3696.870075
7.81,50,3701.947883
8.55,56,3707.363257
6.95,48,3712.440149
6.36,42,3716.967004
7.51,51,3722.062956
8.05,54,3727.588389
7.65,52,3732.817616
8.17,54,3738.325774
7.87,52,3743.823874
6.72,45,3748.774097
7.29,48,3753.566971
6.88,45,3758.23354
8.15,56,3763.343171
6.77,43,3768.050928
5.29,34,3770.18203
8.21,56,3777.793639
7.8,48,3782.894855
6.63,44,3785.454335
7.71,52,3790.755413
7.66,53,3795.695518
7.41,46,3800.698843
7.85,53,3805.827802
4.23,25,3809.377422
7.82,53,3814.503643
7.59,51,3819.454718
7.35,47,3825.096427
7.64,52,3830.997931
7.61,48,3836.147862
2.31,16,3837.47499
0.46,5,3837.89989
7.53,46,3842.903182
6.45,38,3846.732717
8.01,53,3851.847083
7.92,50,3856.995916
7.57,49,3861.757994
7.91,55,3866.932809
6.64,46,3871.785267
7.85,46,3876.454939
8.62,57,3882.105601
8.31,54,3887.312538
7.99,53,3893.262124
6.41,42,3897.909018
7.26,47,3903.14067
7.72,51,3908.162171
7.87,53,3913.501953
7.88,50,3918.509187
6.48,43,3922.964111
8.2,54,3928.083182
7.99,60,3933.657182
7.06,46,3938.309426
6.61,47,3942.895985
6.86,42,3946.900543
7.09,51,3951.63818
7.01,45,3956.101968
8.05,53,3961.404629
7.65,52,3966.541135
8.05,50,3972.050277
7.63,47,3976.665499
7.63,51,3981.220855
7.66,52,3985.649941
7.45,48,3989.674743
7.8,53,3994.234053
7.36,49,3998.669199
7.31,47,4002.680761
7.56,44,4006.566078
8.32,55,4011.136776
5.99,37,4014.867557
6.6,39,4018.726617
7.32,49,4021.020516
6.78,44,4025.121615
8.68,56,4029.749053
7.63,50,4034.216581
7.96,51,4040.52648
7.62,48,4043.151603
8.3,55,4049.669231
7.22,50,4053.870171
8.36,58,4059.176267
7.78,47,4063.462599
8.08,49,4068.356747
7.63,47,4072.598867
7.62,49,4076.979142
6.03,36,4078.956186
1.35,9,4079.468358
7.7,48,4083.795454
7.57,51,4088.100278
6.85,43,4092.181249
7.48,51,4097.510074
7.49,52,4103.10758
7.25,43,4107.672605
7.6,53,4111.913339
8.04,50,4117.257831
8.11,51,4124.047646
8.38,57,4129.108469
9.25,58,4136.461592
8.24,55,4141.52174
7.58,51,4146.646765
8.38,54,4151.506826
7.63,49,4156.087639
6.97,50,4160.677305
7.75,48,4165.214672
7.92,48,4169.919792
7.48,49,4174.38189
7.32,49,4179.775459
7.65,51,4185.215377
7.38,50,4189.691596
7.4,47,4194.043127
7.49,50,4198.422999
6.64,39,4200.481066
7.62,48,4204.61844
7.63,50,4208.90832
7.23,50,4213.31128
5.34,30,4218.400052
7.92,53,4224.929175
5.98,40,4228.734456
8.33,54,4233.095772
6.62,46,4237.047751
8.42,54,4241.446636
6.94,45,4245.277976
8.33,55,4249.775377
7.13,45,4253.7435
7.83,54,4257.947249
7.59,50,4262.09428
6.58,42,4266.052106
7.25,52,4270.163784
8.73,59,4274.820564
8.0,51,4278.822331
8.34,51,4283.039465
7.87,51,4287.345386
8.04,50,4291.451066
7.77,51,4295.561915
8.63,55,4299.95554
4.37,32,4303.342406
8.43,54,4308.177025
8.06,49,4312.502458
8.57,55,4317.001511
8.19,53,4321.334148
6.52,41,4325.311219
8.05,57,4330.204344
4.95,35,4333.830165
7.52,51,4338.205193
6.81,44,4342.459919
6.78,45,4344.916109
8.02,57,4351.471486
7.6,50,4356.555886
8.52,56,4362.586069
7.31,50,4367.875086
7.46,48,4372.632944
7.88,50,4376.827567
7.83,48,4381.441514
8.62,59,4386.766223
6.79,48,4392.085068
8.41,59,4397.601318
7.45,49,4402.790419
8.37,54,4408.078909
7.85,53,4413.228347
8.34,56,4418.855504
8.23,53,4424.159958
0.96,8,4425.021768
1.15,9,4427.417895
8.43,56,4432.636378
7.81,52,4437.318048
7.75,53,4442.604561
8.67,54,4447.475523
5.92,39,4451.832856
7.85,48,4456.679447
8.4,52,4461.502758
8.18,52,4466.736635
8.2,57,4471.923432
7.33,43,4476.735027
7.41,48,4481.544254
7.3,49,4486.98805
7.4,52,4492.211575
6.44,38,4494.388818
8.02,51,4499.142487
7.13,46,4503.703906
7.66,49,4508.852539
7.25,48,4513.705167
5.62,38,4517.760386
6.84,42,4522.491741
7.09,48,4527.208354
7.83,50,4532.413082
6.24,39,4536.878883
7.9,52,4542.279054
8.35,54,4547.657276
7.46,55,4553.324087
3.07,19,4554.55447
7.95,54,4559.446327
7.93,50,4564.082823
6.86,42,4568.110856
0.08,2,4568.3508
7.22,48,4572.533555
5.71,33,4575.928991
7.38,44,4580.023811
9.0,62,4584.670998
8.03,52,4589.250642
7.27,47,4593.272976
7.18,45,4597.511457
8.04,49,4602.239751
7.18,46,4606.64552
6.92,42,4610.74974
7.49,47,4615.221243
8.56,56,4619.946358
7.66,54,4624.579398
7.55,53,4629.073909
7.99,53,4633.805255
0.2,3,4634.038283
7.52,48,4638.11637
6.7,42,4642.091164
7.81,52,4646.298616
6.48,43,4650.328602
7.32,47,4654.442377
7.17,46,4656.80857
7.77,50,4661.35658
6.07,36,4664.793241
7.4,52,4669.10212
7.71,49,4673.165089
7.88,49,4677.177136
7.28,47,4681.330391
7.75,52,4685.67748
5.3,33,4689.321007
7.41,44,4693.369347
6.5,44,4697.226492
8.01,52,4702.00741
7.83,49,4706.304796
7.53,47,4710.256137
5.55,33,4712.021383
6.25,38,4715.590579
7.16,47,4719.683436
8.2,54,4723.968005
8.28,53,4728.389153
7.82,53,4732.825129
7.28,49,4737.26004
8.17,57,4741.995823
8.34,55,4746.430866
7.01,47,4750.30039
6.61,38,4753.922216
7.14,51,4758.154794
6.29,43,4762.119266
7.66,49,4766.145215
8.13,57,4770.77539
8.4,57,4775.324966
7.56,50,4779.516154
8.53,58,4784.474931
6.99,48,4788.529368
7.63,53,4793.229578
7.97,55,4797.982246
6.71,43,4802.263687
8.14,49,4806.532893
7.86,48,4811.599712
7.45,51,4816.369208
7.7,53,4820.705926
5.6,35,4825.568998
7.95,51,4831.296743
8.27,57,4836.331029
8.32,55,4841.076249
7.07,50,4845.534564
5.22,34,4849.146292
6.32,39,4853.256966
6.59,43,4857.669846
6.88,44,4859.789535
7.59,46,4864.058573
7.94,53,4868.813243
7.68,47,4873.715313
5.61,33,4877.339717
7.64,49,4882.096649
7.71,46,4886.281844
7.89,56,4890.72242
8.03,54,4895.44757
8.2,49,4900.033963
7.79,47,4904.395345
8.03,51,4909.147979
6.85,43,4913.468347
7.66,50,4919.816733
6.85,45,4924.195929
7.36,52,4928.595348
7.78,47,4932.660191
8.14,51,4936.935274
9.48,62,4942.270396
8.59,54,4946.562611
7.8,53,4951.103651
8.67,59,4955.892078
8.48,58,4962.099104
8.53,56,4966.754986
8.39,53,4971.071126
8.16,52,4975.681922
8.51,56,4980.236772
4.84,32,4983.483528
8.05,52,4988.070122
8.93,59,4992.931964
5.83,40,4996.550156
8.16,53,5001.080682
7.74,49,5005.23308
7.98,50,5009.409833
7.19,53,5013.655068
1.25,9,5014.159842
6.19,41,5018.090341
7.76,54,5022.559833
7.71,47,5026.777757
8.82,61,5031.74079
6.32,34,5036.331919
7.39,49,5040.825513
8.4,55,5045.924179
8.26,57,5052.201447
8.61,59,5057.390192
8.44,57,5062.083151
7.77,54,5067.257183
8.01,50,5071.913608
8.79,53,5076.42053
8.63,55,5081.280317
8.73,57,5087.781156
8.46,55,5092.413208
7.75,53,5096.799381
9.01,54,5101.196693
7.85,49,5105.467208
6.81,39,5109.100175
7.2,52,5113.340096
6.41,41,5115.563097
5.15,30,5118.659493
6.52,39,5121.725017
7.56,48,5125.046068
5.58,36,5126.407722
8.1,54,5131.45485
7.88,49,5135.008323
8.24,55,5138.844623
7.49,48,5141.970829
7.41,46,5143.730056
7.83,50,5147.111347
8.04,57,5152.418505
7.59,47,5155.734959
8.75,57,5159.953382
7.0,45,5163.435093
7.17,47,5166.721435
8.31,55,5170.573886
5.36,33,5171.928671
7.4,50,5175.487201
8.03,58,5179.136862
7.58,46,5182.457886
7.14,48,5185.665866
7.91,51,5189.083848
7.46,49,5192.506296
8.24,55,5195.943285
8.02,54,5200.736609
8.04,51,5204.070937
7.92,52,5207.34099
7.64,48,5210.609081
8.22,56,5214.099662
6.33,43,5217.231182
7.88,53,5220.693142
8.28,52,5224.07425
8.52,60,5227.871767
8.69,54,5231.498191
7.07,40,5234.583427
7.79,54,5237.970046
7.64,48,5241.464875
7.27,51,5245.076487
8.34,54,5248.84382
7.66,51,5252.265027
7.38,48,5255.623963
7.93,54,5259.277963
8.18,56,5263.032263
7.94,48,5266.125334
7.92,52,5269.698439
7.5,51,5273.036605
7.92,52,5276.449591
8.74,61,5280.313085
7.99,51,5283.829888
9.0,59,5289.113683
8.49,54,5292.541783
7.89,56,5296.250331
7.88,51,5299.565366
7.83,51,5302.861344
8.56,58,5306.560253
6.95,42,5309.893758
8.41,55,5313.531325
6.56,41,5316.795508
7.83,50,5320.21273
7.76,51,5323.539072
7.9,53,5327.327246
7.7,51,5330.638803
7.45,46,5333.818538
7.95,50,5337.263489
7.73,51,5340.773713
8.26,52,5344.261498
4.23,29,5345.426908
8.66,61,5350.58074
7.96,52,5354.09021
7.44,50,5357.744629
8.36,54,5361.522359
7.01,41,5363.158842
6.71,42,5366.291366
8.24,54,5369.78493
8.63,56,5374.593052
8.21,54,5378.139742
7.19,49,5381.5301
8.01,51,5384.980258
8.61,53,5388.333234
8.25,51,5391.931917
7.24,47,5395.249382
8.29,56,5398.743447
7.73,48,5402.266308
8.64,56,5405.729793
7.51,48,5409.08068
7.49,46,5412.573788
7.48,48,5415.720854
6.27,40,5417.296406
8.01,55,5422.298774
7.42,49,5425.900673
5.8,41,5427.453743
7.76,50,5430.875218
8.2,55,5434.651487
7.47,50,5437.966008
8.35,57,5443.083807
8.44,57,5446.566827
8.38,58,5450.332592
8.13,53,5453.831439
7.86,55,5457.587298
6.63,45,5460.806446
7.45,45,5464.184718
6.39,44,5467.367245
8.74,59,5471.258762
8.4,58,5474.872499
8.07,55,5478.401877
7.9,53,5481.886039
7.7,52,5485.334571
7.65,51,5488.83674
7.64,48,5491.96267
8.12,52,5495.488489
8.46,62,5500.652021
8.23,50,5504.117842
8.05,50,5507.663914
7.78,49,5510.930909
8.07,53,5514.504813
7.75,50,5517.900303
7.17,45,5519.677425
7.7,52,5524.589645
7.89,56,5528.305722
8.61,55,5531.790374
7.91,50,5535.084817
8.39,56,5538.835517
7.62,51,5542.187429
7.92,53,5545.799559
8.59,57,5549.413385
8.23,54,5553.178938
9.06,59,5556.856611
6.31,40,5559.910234
8.2,59,5563.750286
8.29,57,5567.284944
8.21,56,5572.433318
8.42,57,5576.195739
8.27,56,5579.810881
8.47,56,5583.343935
8.41,55,5587.083999
5.21,39,5590.073073
7.93,49,5593.363928
6.61,42,5596.547346
7.86,53,5600.043385
7.19,44,5603.33669
7.24,49,5606.514472
8.99,62,5610.780734
3.15,22,5611.582783
8.74,58,5615.362558
7.51,47,5618.537609
8.24,57,5623.887574
5.45,33,5625.061073
8.73,65,5628.981994
8.74,62,5634.392759
8.46,54,5637.913669
8.91,59,5641.628138
7.77,57,5645.343973
7.71,53,5648.860658
7.62,47,5652.333598
7.38,49,5655.442335
9.04,60,5659.101333
7.45,47,5662.728109
8.16,56,5666.610204
7.33,43,5669.764913
6.94,46,5673.105848
6.67,43,5676.118077
8.73,57,5679.979772
8.36,53,5683.336568
7.99,50,5686.774955
8.41,54,5691.220432
6.79,43,5695.321406
8.36,54,5699.870058
7.96,54,5704.225254
8.36,55,5721.907501
7.8,53,5753.363037
7.44,49,5760.453741
7.69,50,5768.664825
7.95,56,5777.091915
8.63,56,5782.655415
8.64,55,5788.168411
7.58,49,5793.109058
8.81,63,5798.879719
8.82,60,5804.286642
8.04,55,5809.375035
6.43,46,5814.07595
6.8,45,5818.602123
7.85,54,5823.763916
7.36,50,5828.48947
7.77,48,5833.061434
8.39,55,5838.126518
5.93,39,5842.128517
7.06,42,5846.23946
8.48,53,5850.97991
8.12,55,5855.867787
8.27,55,5860.525078
7.45,50,5864.953036
8.46,57,5869.701184
8.26,56,5874.788572
7.5,51,5878.748738
7.44,49,5882.274936
7.58,50,5885.663078
5.0,29,5887.997522
8.17,55,5891.541907
6.03,44,5894.847285
0.2,3,5895.024705
8.15,52,5898.32615
5.26,36,5901.057148
7.71,47,5904.313112
7.46,45,5907.447538
7.05,51,5911.020463
7.76,53,5914.477552
8.07,54,5917.820302
7.95,51,5921.389045
8.04,57,5925.023149
7.73,46,5928.154044
7.75,48,5931.436716
7.8,51,5934.725504
8.11,52,5938.091984
8.43,59,5941.858565
8.07,52,5945.614136
8.24,60,5949.161523
8.49,56,5952.561443
7.42,50,5955.810942
8.3,55,5960.778069
8.07,50,5964.142017
7.45,51,5967.527835
7.03,47,5969.314823
8.03,53,5974.296126
7.96,52,5977.578089
3.29,22,5978.547067
7.43,45,5981.680009
3.59,25,5982.657353
7.92,49,5985.962392
8.71,55,5990.831326
7.9,51,5994.29651
8.03,54,5997.853519
8.29,52,6001.443678
7.84,52,6004.797909
7.61,52,6008.334039
6.79,44,6011.501927
8.36,53,6015.085821
7.46,53,6018.585382
7.82,50,6021.988786
7.53,45,6025.37561
6.52,45,6028.431309
7.93,56,6032.06844
7.6,54,6035.50315
7.46,53,6038.898398
7.64,54,6042.413309
8.87,58,6046.328133
8.65,57,6049.909611
8.67,59,6053.956236
8.84,57,6057.718554
8.21,53,6063.045541
7.73,53,6067.087572
7.99,50,6070.619744
8.5,56,6074.398369
8.0,58,6078.292442
8.34,56,6082.832452
7.79,48,6086.209208
6.01,38,6089.370107
7.48,49,6093.053992
7.92,50,6096.552625
7.7,53,6100.076373
6.76,40,6103.148474
8.37,56,6106.895454
8.45,57,6110.794051
5.9,43,6113.789668
8.25,56,6117.468218
8.93,63,6121.207101
8.03,53,6124.946918
7.28,45,6128.26754
7.41,49,6131.599843
7.66,46,6134.995247
8.16,54,6138.620681
8.59,53,6142.041011
8.22,57,6145.64961
8.43,57,6149.238492
7.9,52,6152.51904
7.97,49,6155.901807
8.73,61,6160.996372
7.61,50,6164.278629
8.42,54,6167.731946
7.9,51,6171.314997
8.44,55,6174.871791
7.24,50,6178.294747
7.56,50,6181.717579
7.6,46,6185.064235
6.31,41,6187.950355
8.69,53,6191.238212
8.16,53,6194.680221
8.77,55,6198.139059
7.61,47,6201.151896
7.2,47,6204.431776
5.09,34,6205.815243
7.73,52,6209.215172
6.27,43,6212.277543
8.16,56,6215.80557
7.85,53,6219.129615
8.34,54,6222.613018
8.08,51,6225.84885
8.49,62,6230.95306
7.86,49,6234.343859
7.99,52,6237.64918
7.65,56,6241.435079
8.4,54,6246.171675
8.27,58,6250.844426
8.59,56,6255.266485
8.32,53,6259.786542
7.74,53,6264.389707
7.97,51,6268.892488
4.53,28,6272.276324
1.31,9,6272.78937
7.6,45,6277.035902
6.81,45,6281.148661
9.06,59,6285.479045
8.6,58,6289.96449
8.23,56,6294.364578
7.9,53,6298.732796
8.73,57,6304.824998
8.25,54,6309.565777
8.04,53,6314.149446
8.53,53,6318.764677
8.8,56,6323.244431
8.3,52,6327.645761
8.45,57,6332.354055
8.3,54,6337.045371
8.26,55,6342.098542
6.19,38,6346.346477
8.29,54,6350.921833
7.3,49,6355.68989
8.73,57,6360.76055
6.96,47,6364.756845
7.59,49,6368.997362
8.55,61,6373.560978
7.74,54,6378.319732
7.57,52,6382.90557
6.71,43,6387.33437
8.07,53,6391.97496
0.12,2,6392.20115
8.15,56,6398.235773
6.71,43,6400.388015
9.01,59,6406.437672
3.45,23,6408.23022
8.44,54,6412.655348
6.62,45,6416.459751
7.79,50,6420.331099
8.55,60,6424.761851
8.83,61,6429.426818
8.28,56,6435.299386
7.56,49,6439.334765
7.3,44,6441.484316
6.47,46,6445.380863
8.23,55,6449.642551
8.16,53,6455.511867
8.1,54,6460.102734
7.66,51,6464.583259
7.93,53,6468.764149
8.1,53,6473.143615
8.98,56,6477.821588
8.3,52,6482.048595
7.82,52,6486.391242
6.93,44,6490.246668
8.72,59,6494.5927
3.22,23,6495.803482
8.33,54,6501.65614
8.67,56,6505.980762
7.57,49,6510.020007
7.2,49,6514.270499
6.03,37,6516.081851
8.12,51,6520.1588
7.85,49,6524.497029
8.36,57,6528.999582
8.61,63,6535.555494
2.39,17,6536.349206
8.47,58,6541.011997
7.56,50,6545.180703
8.01,54,6549.444327
7.15,45,6553.429263
8.33,58,6557.983476
8.65,64,6564.919897
8.9,60,6569.644808
6.74,41,6573.175433
7.29,45,6577.27646
7.7,48,6581.574138
8.74,57,6586.17033
7.87,53,6590.783099
8.93,56,6595.325959
7.88,57,6599.914601
7.03,43,6603.634679
8.16,52,6608.069943
8.67,59,6612.518147
6.9,43,6616.457659
7.74,50,6620.738425
8.06,55,6625.207221
8.61,53,6629.637865
7.83,52,6633.740035
8.38,55,6638.289835
9.11,61,6643.039671
8.15,50,6647.227696
8.35,57,6653.587863
8.93,61,6658.302115
7.15,46,6662.107659
7.18,48,6666.446042
8.86,59,6670.98724
6.49,42,6674.79074
7.06,47,6678.749002
8.0,49,6683.136563
8.81,58,6688.025106
8.06,51,6693.244757
8.2,55,6699.460989
6.45,41,6703.853453
8.52,55,6710.068714
7.62,55,6715.593538
8.68,57,6720.85035
6.49,45,6725.244046
7.38,45,6729.483564
8.8,57,6734.530102
8.83,56,6739.237226
8.29,54,6744.014718
8.52,55,6748.762117
8.61,58,6753.577466
8.34,52,6760.114045
8.05,54,6764.714904
8.11,52,6769.05272
7.92,51,6773.474633
7.71,49,6777.848782
6.92,45,6781.892492
7.62,50,6786.37991
9.49,61,6791.458316
8.96,61,6796.297509
7.1,49,6800.610354
7.81,47,6805.196214
8.21,49,6809.336391
8.43,55,6814.023565
7.19,47,6818.416286
5.57,36,6822.089855
8.62,58,6826.904426
8.21,53,6831.368296
8.69,50,6835.944238
8.52,53,6841.058832
8.4,57,6845.777269
7.41,48,6851.125873
8.3,52,6855.561591
9.36,62,6860.361353
8.51,57,6864.860792
7.29,47,6868.763753
8.63,56,6874.959667
7.08,47,6877.393331
7.96,52,6881.725463
7.3,47,6885.965383
4.27,30,6890.436695
8.63,60,6896.785895
5.73,34,6901.159588
8.0,48,6911.457391
7.57,53,6920.127847
7.17,49,6924.92967
5.21,34,6929.706512
8.16,55,6937.942273
7.8,54,6946.95256
7.81,49,6955.491943
7.66,52,6964.355791
2.42,17,6966.188192
7.38,51,6975.34652
6.69,40,6983.09526
7.6,52,6990.959691
2.1,13,6992.48234
8.2,49,7001.398802
7.22,49,7012.080381
8.02,50,7021.131213
1.13,8,7021.615785
7.18,49,7028.069798
8.32,52,7034.000265
7.32,49,7042.197782
8.17,55,7053.262967
7.23,44,7058.46708
7.33,45,7063.046937
8.13,53,7067.843309
7.6,51,7072.676401
8.98,58,7077.548883
8.19,53,7084.926118
7.76,49,7089.423232
8.66,61,7095.436951
8.21,52,7100.145946
6.3,43,7105.604808
8.65,54,7111.202556
2.91,21,7112.416113
8.69,53,7117.760264
4.88,30,7121.353322
8.29,53,7125.89605
8.07,52,7131.440432
8.07,48,7135.525964
8.01,55,7140.760764
8.67,56,7145.617291
8.5,53,7150.668713
7.97,50,7155.319038
8.05,53,7161.171377
5.03,33,7164.692448
6.65,41,7169.188957
7.82,51,7173.86703
7.73,50,7179.630929
8.97,60,7185.028403
7.78,52,7189.950672
6.7,44,7194.545194
8.13,50,7199.565218
7.54,50,7205.369887
8.37,54,7210.339731
8.83,59,7215.068156
8.4,54,7220.276548
7.78,51,7224.732235
7.89,50,7229.399697
8.69,57,7234.01195
8.14,54,7238.350932
8.9,63,7246.163526
7.31,50,7250.351219
9.31,63,7255.157823
8.19,54,7260.0201
8.0,52,7264.302544
8.53,57,7269.373689
8.23,58,7274.305177
6.82,49,7279.39077
8.77,57,7284.984519
7.86,49,7289.638629
8.11,54,7297.723181
8.27,55,7302.153334
6.97,49,7306.241639
7.55,47,7311.03578
7.78,51,7316.025384
5.93,41,7318.361818
7.63,46,7322.456467
7.39,45,7326.324918
7.67,52,7330.49411
8.54,55,7335.326676
8.31,53,7340.977439
8.36,56,7348.258135
8.11,53,7352.741703
7.35,47,7357.897467
8.07,51,7362.328087
7.68,50,7366.715329
7.86,53,7371.2774
7.56,51,7376.643544
8.32,54,7381.595477
8.09,50,7385.772289
7.87,54,7390.335733
7.57,46,7395.575887
8.25,52,7400.882651
8.06,55,7405.396803
9.04,63,7410.638015
7.16,49,7415.118588
8.27,55,7420.068336
7.79,54,7425.20584
7.69,50,7431.380578
8.77,58,7437.620298
8.1,58,7445.185575
8.85,58,7450.080262
7.76,52,7456.577493
7.69,48,7461.938869
6.51,37,7464.852901
6.94,46,7473.176357
9.15,61,7482.19772
7.62,46,7487.184242
7.17,45,7489.634215
7.36,48,7494.50661
4.42,26,7498.265144
8.66,60,7503.021955
8.59,56,7507.548647
8.16,52,7512.038008
8.05,52,7517.126926
8.03,51,7521.51351
8.07,51,7525.950421
8.08,50,7530.265976
7.71,57,7537.176466
8.05,55,7541.912405
8.58,58,7546.888083
8.07,54,7551.313749
7.44,47,7555.412848
9.08,61,7560.59123
8.37,53,7564.956313
7.95,54,7569.581648
6.14,39,7573.388294
8.06,56,7579.757237
8.59,57,7584.620724
8.06,55,7591.742294
8.61,53,7598.460452
7.82,51,7604.439794
7.72,51,7614.496265
7.11,44,7621.234511
7.82,54,7627.344335
8.43,56,7635.273046
8.6,55,7645.444092
1.26,10,7646.323137
7.14,50,7651.908136
7.39,46,7657.957644
8.18,57,7664.002161
8.98,62,7669.056862
8.53,57,7673.998122
7.91,50,7679.001607
9.28,65,7686.964918
8.28,54,7692.978172
9.0,56,7698.951981
7.95,53,7704.289996
7.0,43,7708.419404
8.55,57,7715.174474
6.86,39,7720.308674
8.66,58,7725.36111
8.85,57,7730.350816
7.64,49,7735.112136
8.51,56,7740.032209
8.0,52,7744.518105
8.16,56,7749.343481
8.23,55,7753.731151
8.56,59,7758.280099
8.12,53,7762.823493
6.33,43,7766.80492
8.3,56,7771.249025
8.71,60,7777.745801
8.66,58,7783.869495
8.65,58,7788.985483
8.18,56,7793.302886
7.84,51,7797.538491
8.74,60,7802.218384
7.89,51,7806.61724
8.17,53,7811.016878
7.57,52,7815.380178
8.01,52,7821.192053
6.67,44,7825.309272
8.49,60,7832.121665
7.96,53,7836.285377
6.7,41,7838.530542
6.3,43,7842.207693
6.99,43,7846.131566
7.87,50,7850.524294
8.09,56,7855.334834
8.47,57,7859.943946
5.86,39,7864.183239
8.83,57,7868.77684
8.49,54,7873.493615
6.93,42,7878.028221
8.48,54,7882.480073
7.76,52,7886.717525
8.12,52,7890.995666
6.07,44,7895.799627
8.14,51,7900.706
8.22,59,7905.91795
8.49,56,7913.961193
6.17,44,7917.01106
8.99,60,7924.221576
8.87,62,7929.98466
8.85,59,7934.462762
9.1,59,7939.819836
7.31,45,7944.012792
3.34,23,7948.101916
7.67,48,7952.781908
8.99,58,7959.436509
8.85,56,7964.990043
1.77,12,7965.861551
9.23,59,7971.376514
5.63,39,7975.516366
7.83,54,7980.531218
8.14,57,7986.275375
8.59,57,7994.608429
7.41,47,8000.98202
7.47,49,8007.051906
8.6,61,8014.211299
8.21,55,8020.384011
8.25,54,8028.583647
4.46,27,8030.420186
9.03,61,8039.391589
6.97,42,8042.740954
9.16,61,8050.014995
8.64,57,8055.35283
8.08,53,8061.454118
8.78,59,8066.937238
8.49,52,8072.943297
8.78,58,8080.587708
8.12,57,8086.187109
8.09,54,8091.300833
7.64,49,8096.051744
7.34,46,8100.835368
8.27,57,8106.686687
8.86,58,8113.265815
7.93,51,8119.282038
7.48,47,8123.943289
8.26,53,8128.988132
8.46,55,8137.004122
7.11,44,8142.418342
7.83,55,8148.862867
7.84,49,8153.868339
8.66,59,8158.503349
7.96,53,8162.621704
9.0,67,8168.010632
8.48,57,8172.260325
9.09,62,8179.086708
8.22,56,8183.382694
5.96,37,8185.201339
7.1,43,8189.195002
5.55,35,8193.238108
8.25,51,8201.273976
6.91,45,8207.180114
8.72,62,8214.190291
6.88,43,8218.395675
8.64,60,8224.876957
8.37,53,8230.493737
8.17,54,8234.786063
7.41,50,8240.832315
6.06,40,8245.106221
7.92,50,8250.096136
8.42,59,8255.162686
8.97,57,8261.88697
3.07,19,8262.708131
6.91,43,8266.775593
8.2,55,8271.71007
8.51,57,8276.522308
8.22,55,8281.442461
8.35,54,8286.428969
8.65,59,8291.32252
8.3,53,8296.276589
8.79,60,8302.93498
8.47,57,8308.887466
6.48,43,8313.51444
8.24,54,8319.537207
8.58,56,8324.530179
8.23,57,8329.387119
8.42,53,8333.74043
7.82,53,8338.394586
8.27,51,8342.76353
7.45,46,8347.28071
7.4,46,8355.834497
6.94,43,8363.023495
7.54,47,8369.31978
6.31,38,8371.348029
2.24,16,8374.097536
7.2,45,8378.058277
7.72,48,8382.384496
8.32,51,8389.134418
6.32,43,8393.323734
7.7,49,8398.0309
7.0,46,8400.762407
0.84,7,8403.242716
7.67,54,8409.299789
8.04,50,8414.60605
8.64,59,8419.95152
8.7,57,8425.578979
7.82,55,8430.965687
8.74,59,8436.445657
8.73,59,8440.990939
7.74,50,8445.381276
7.78,47,8449.43864
8.75,55,8453.809863
7.89,57,8460.274763
8.72,57,8464.695024
8.6,54,8468.930961
8.85,61,8473.527168
9.09,59,8478.139588
8.71,53,8482.327254
7.94,53,8486.49109
7.15,49,8490.537879
7.89,56,8494.807263
1.44,9,8496.908357
7.77,52,8500.995246
8.63,58,8505.483379
9.08,58,8510.08836
7.33,43,8513.525682
7.09,44,8517.218744
7.99,51,8521.28459
7.69,50,8525.263792
8.94,58,8529.76112
3.57,26,8530.977152
7.91,51,8534.952624
7.8,51,8538.942537
9.23,62,8545.211002
8.05,54,8549.564369
7.02,49,8555.236724
6.61,38,8559.370105
9.05,61,8563.893958
8.96,58,8568.382473
8.46,55,8572.909087
7.86,51,8577.600004
8.56,53,8582.148013
6.95,43,8585.883177
8.1,49,8591.447002
8.66,53,8597.302974
1.91,12,8597.960777
6.44,45,8602.170756
7.37,47,8606.559403
8.76,60,8612.948598
8.26,55,8617.465839
7.9,50,8621.734106
7.06,48,8626.333424
8.73,54,8630.959044
7.83,55,8637.369134
8.27,52,8641.625044
8.82,61,8647.343056
7.93,56,8655.240918
7.77,50,8659.673581
7.29,51,8664.47875
7.29,53,8669.196937
7.45,50,8674.712478
7.39,45,8678.83858
7.56,51,8684.304059
8.1,54,8689.403833
8.69,58,8694.022917
8.47,59,8699.058655
8.41,51,8703.370463
8.83,58,8710.457817
8.68,56,8715.141213
8.34,53,8720.058649
8.22,54,8725.267161
7.54,51,8732.082025
7.46,48,8738.936773
8.73,61,8744.400061
8.78,54,8749.456822
7.85,55,8754.582245
8.2,50,8758.95566
8.54,62,8764.455261
3.68,26,8768.01211
8.71,61,8773.153671
4.3,26,8776.247207
7.81,54,8781.268652
8.44,53,8785.707759
6.57,42,8789.920359
7.79,49,8794.152981
8.44,58,8798.972634
8.33,52,8803.547344
6.05,35,8807.252473
8.29,61,8813.01885
7.39,50,8819.213877
5.35,32,8820.755301
9.07,59,8827.262774
7.86,52,8833.410756
7.97,51,8839.072007
7.68,47,8844.576556
8.01,53,8851.356129
8.68,61,8856.864495
8.45,57,8862.202136
6.66,43,8867.163986
7.55,51,8871.314641
3.91,25,8872.639311
9.02,58,8882.821452
7.94,49,8886.169864
8.83,58,8894.20073
7.32,48,8898.750349
8.2,51,8904.28629
8.83,56,8908.978696
8.46,56,8913.506365
7.77,50,8918.212977
6.99,45,8922.432875
7.85,52,8927.782533
8.23,57,8933.1593
7.24,49,8937.818246
8.24,51,8942.352243
8.49,55,8947.318709
7.9,55,8952.451117
8.58,56,8957.555429
8.49,56,8962.736578
7.84,53,8968.13333
6.4,46,8972.698089
7.86,52,8977.574073
8.33,53,8982.317978
8.32,56,8989.385825
6.98,50,8993.992676
8.41,57,8999.379437
8.3,57,9004.21886
7.47,47,9008.759573
8.33,56,9013.778403
5.37,37,9017.580487
8.21,49,9022.245675
8.91,55,9027.079914
7.79,51,9031.600276
8.48,54,9036.6823
7.91,48,9041.456564
8.01,56,9046.436506
8.61,55,9051.763604
8.59,54,9057.591783
0.72,6,9058.099191
8.87,60,9063.628587
7.61,50,9068.116368
7.84,52,9072.506549
7.32,49,9076.738349
7.38,47,9080.873391
7.7,51,9085.660922
7.95,49,9089.86394
8.5,59,9096.598911
8.17,54,9101.237402
8.72,61,9106.173526
7.24,47,9111.247412
8.6,60,9117.096469
9.05,60,9122.402164
9.0,61,9127.520815
7.34,53,9132.355444
3.95,24,9135.749299
8.64,60,9141.157814
6.87,44,9145.917217
8.31,58,9151.581337
8.59,53,9156.573895
8.95,57,9161.722298
5.43,38,9165.668947
9.21,61,9171.293053
7.26,48,9176.803551
8.42,56,9182.184611
8.09,55,9189.412872
7.62,48,9194.141164
8.22,58,9199.232096
9.19,63,9204.818716
7.68,48,9209.47173
8.87,59,9216.060415
8.7,54,9221.756284
6.17,42,9226.757266
8.39,59,9232.276492
8.79,62,9237.952612
8.02,51,9243.019059
7.29,46,9247.859324
8.01,53,9253.32159
7.73,49,9258.455691
7.4,45,9263.219684
8.62,56,9268.363191
8.26,57,9275.220251
7.83,54,9280.681387
7.5,46,9285.43649
7.7,49,9290.346197
6.36,38,9292.692526
7.7,52,9297.370246
7.19,49,9301.817809
8.42,54,9306.539342
7.83,51,9311.171082
7.8,50,9315.647518
7.0,44,9320.230345
7.71,49,9324.88973
7.65,49,9329.686744
8.25,53,9334.571615
8.29,55,9339.51532
4.99,34,9343.200101
9.0,56,9347.976567
5.2,30,9351.726618
6.84,43,9356.342256
7.96,54,9360.649273
7.95,53,9364.381416
8.35,53,9367.754889
8.23,54,9371.348044
9.1,63,9375.364152
6.51,38,9378.218546
8.72,54,9381.91902
8.56,54,9385.560242
8.06,52,9389.004058
8.0,54,9392.575202
8.78,56,9396.146222
8.3,52,9399.768531
7.87,52,9403.194349
8.07,51,9406.848194
8.8,59,9412.667422
6.05,39,9414.58705
7.96,50,9418.208213
7.43,50,9421.480431
7.35,49,9424.742178
7.56,52,9428.249074
8.42,53,9433.50505
8.44,57,9436.80999
9.03,56,9440.228982
8.56,56,9443.677742
7.3,43,9446.588936
7.35,46,9449.557091
8.53,52,9452.804283
8.66,54,9456.249446
7.05,43,9459.058154
8.09,54,9462.448785
8.19,54,9465.797963
2.51,19,9466.538731
8.73,58,9470.304235
7.52,45,9473.403808
8.29,53,9476.882918
7.15,45,9480.193545
3.2,20,9482.227205
6.42,41,9483.731489
6.89,46,9486.618608
8.2,55,9489.893856
8.49,54,9494.773817
8.96,62,9498.876301
8.35,56,9502.826823
8.64,57,9506.518032
9.04,60,9510.271208
8.72,59,9513.987333
6.72,47,9517.283454
4.43,29,9519.782555
6.97,45,9522.8748
6.55,39,9525.940874
8.73,56,9529.889078
8.82,63,9534.068063
8.23,60,9537.684934
8.01,58,9541.095769
7.88,53,9544.751823
8.2,53,9547.937388
8.35,54,9552.791671
1.87,13,9553.330206
8.06,52,9556.893011
7.66,49,9560.163975
8.34,55,9563.467109
8.46,55,9566.783931
8.16,58,9570.36417
7.62,50,9573.455189
8.23,46,9577.13634
8.38,54,9581.71261
8.06,52,9584.988768
8.82,63,9589.778334
7.2,45,9591.411637
8.41,54,9594.695168
8.12,49,9597.805337
7.83,49,9601.005091
7.83,48,9604.320084
8.62,57,9609.216935
8.41,57,9612.631437
8.68,63,9616.244182
8.94,60,9619.81888
8.86,59,9623.312321
8.51,55,9626.733993
7.28,47,9630.055943
8.72,57,9634.92023
7.75,53,9638.040941
8.62,56,9641.302544
8.23,52,9644.625248
8.75,59,9647.917384
7.97,54,9651.047074
6.84,44,9654.088424
7.08,44,9656.913182
7.69,49,9659.855385
8.49,54,9663.397295
9.15,59,9667.289429
7.4,52,9670.937808
8.59,55,9675.03409
7.68,50,9678.373198
7.18,46,9681.405016
8.44,55,9684.846985
8.18,55,9688.306414
8.31,56,9691.809265
7.61,47,9694.976223
8.54,55,9698.264203
7.2,45,9701.503866
7.68,49,9704.730594
8.3,58,9708.285349
7.69,51,9711.729471
7.89,52,9716.617782
8.88,59,9720.535571
8.95,61,9724.412681
7.25,48,9727.620806
5.1,36,9731.325239
8.12,56,9736.607072
5.89,39,9738.793364
8.39,53,9746.57563
7.99,54,9751.650472
8.74,61,9757.036083
8.79,59,9762.006192
7.62,53,9766.421965
7.79,52,9770.882922
7.87,52,9775.134316
5.61,36,9778.552095
8.69,59,9783.361754
7.96,51,9787.816995
8.36,60,9792.944913
7.89,50,9798.472973
7.76,50,9802.804119
7.96,48,9807.163555
7.54,47,9811.410129
8.84,57,9816.227639
8.94,55,9820.726648
8.75,59,9827.218656
8.48,59,9831.952891
8.3,56,9836.820785
7.93,56,9841.411338
8.47,59,9846.377677
8.53,55,9851.17085
8.93,57,9856.050907
7.52,52,9860.703284
8.26,51,9867.143557
7.83,54,9871.462271
8.56,53,9876.039118
7.92,51,9880.740022
7.69,50,9884.951412
8.42,58,9889.611044
8.45,59,9894.606258
6.99,45,9898.842475
7.21,47,9903.144949
7.17,48,9907.461541
7.26,47,9911.446832
8.92,59,9916.414987
6.25,36,9920.104859
8.19,56,9924.856806
8.69,59,9929.769424
6.48,37,9933.410465
7.03,47,9937.908546
0.3,3,9937.942078
8.67,58,9942.837828
8.27,51,9947.129947
8.06,51,9951.409775
8.72,56,9956.220346
7.99,50,9960.653826
8.37,55,9965.328215
7.28,50,9969.776245
7.86,51,9974.084697
9.08,56,9978.514179
8.98,59,9983.118892
6.74,43,9987.081642
7.82,49,9991.48376
8.56,58,9996.205129
7.03,44,9999.986739
7.33,42,10003.488004
7.76,47,10007.468016
8.04,53,10011.837757
8.89,58,10016.326901
7.88,52,10020.426647
8.42,54,10025.007668
8.14,56,10030.941223
8.06,55,10035.353727
7.58,46,10039.420189
8.3,54,10044.278938
8.95,59,10048.787508
8.29,55,10053.159483
7.34,46,10056.912616
8.36,56,10061.266473
9.07,66,10066.551495
7.61,52,10071.013754
7.95,51,10075.161056
7.62,49,10079.325273
8.67,58,10083.752697
7.75,49,10087.888769
7.69,50,10092.266665
7.93,47,10096.617554
7.76,55,10102.937503
8.01,52,10107.437863
8.98,61,10112.264019
7.41,45,10116.281874
7.7,50,10120.520271
7.86,51,10124.864478
6.0,41,10128.833578
9.15,60,10133.483088
7.9,53,10137.753892
8.25,56,10142.597327
6.58,43,10146.505765
7.98,53,10150.866215
4.78,36,10154.249401
6.93,45,10155.991007
8.73,56,10160.972186
8.44,52,10164.310541
7.91,56,10168.074633
6.76,45,10171.082048
7.86,51,10174.189561
8.67,59,10177.737904
8.81,61,10181.61204
8.91,60,10185.179658
6.91,43,10188.013982
8.96,61,10191.918504
8.71,57,10195.628718
3.78,26,10198.00037
5.55,38,10200.911211
8.21,56,10204.619006
2.74,19,10205.418614
8.23,53,10208.782954
8.17,48,10212.41344
6.9,43,10216.402106
9.09,64,10221.61761
8.31,55,10226.580708
8.54,57,10233.115644
7.44,45,10237.222119
7.21,44,10239.771836
7.45,47,10243.778446
8.88,58,10250.424502
8.78,56,10254.995348
8.89,59,10259.822786
8.23,56,10264.583484
7.78,51,10269.038266
8.14,54,10273.800925
4.56,28,10276.924813
8.04,54,10281.587011
8.45,57,10286.757556
9.54,63,10291.648513
7.68,49,10296.659637
9.03,60,10304.566278
8.74,58,10310.423817
8.85,58,10316.282777
6.94,43,10318.568767
8.42,56,10324.449353
8.47,59,10329.479993
6.12,39,10333.584142
8.5,58,10337.92266
6.99,44,10341.520346
8.41,56,10345.750816
7.97,49,10349.866057
7.79,50,10354.105518
8.33,55,10358.890441
7.53,47,10366.894526
7.43,49,10373.844431
7.13,47,10377.920276
8.03,49,10382.801087
8.53,53,10387.204266
7.82,52,10392.987908
8.2,52,10397.375057
9.16,61,10401.915779
7.69,49,10406.014026
8.31,60,10410.569844
8.16,54,10416.586092
8.02,52,10423.557449
7.79,48,10427.819987
8.88,59,10432.395876
6.84,48,10438.36079
8.24,54,10444.054311
6.78,42,10448.669915
8.54,56,10455.290232
8.35,55,10460.794808
8.1,57,10467.796399
8.5,58,10473.50795
8.82,56,10478.300167
1.46,12,10478.831421
8.17,52,10482.902006
5.63,38,10486.469005
8.9,57,10490.570507
7.98,49,10494.037902
8.33,58,10497.724456
8.26,53,10500.992709
8.92,60,10504.911631
7.42,45,10508.225756
6.5,42,10511.726639
8.41,55,10515.39983
8.72,52,10518.712958
8.92,57,10523.721725
8.96,57,10527.279442
8.61,56,10530.935835
9.05,59,10534.61251
7.03,50,10537.942581
8.59,55,10541.575893
9.26,62,10545.169154
7.78,50,10548.62596
8.82,59,10552.353734
8.75,59,10557.260529
6.67,42,10558.780391
7.77,48,10561.918482
7.34,48,10565.187584
5.39,34,10567.908495
8.52,56,10571.416818
8.82,57,10574.912591
7.94,52,10578.074571
8.36,52,10581.583535
7.75,52,10584.832546
8.88,61,10589.854508
8.92,57,10593.499159
9.07,59,10597.213059
8.33,56,10600.661279
7.85,49,10603.895171
8.27,57,10607.349565
7.98,56,10610.670263
7.99,51,10613.882691
7.79,51,10617.136023
8.23,56,10621.779492
6.6,44,10623.472059
8.11,58,10628.132523
5.79,39,10629.584832
8.62,56,10633.093712
8.59,57,10638.017722
9.07,56,10641.426771
5.85,34,10642.750253
8.2,56,10647.164772
7.79,51,10650.265158
7.56,49,10653.299203
8.46,56,10656.755141
7.01,45,10660.097192
7.63,54,10663.968239
7.9,52,10667.794557
7.42,48,10671.59831
8.65,59,10675.88401
8.42,54,10679.745702
4.04,23,10680.843883
3.15,18,10683.206674
8.08,53,10686.942572
8.52,53,10690.910268
7.67,48,10694.506723
5.12,33,10696.109464
7.44,53,10701.462826
7.74,48,10703.494918
7.57,49,10707.209983
7.71,51,10712.287239
8.05,59,10720.612
8.64,59,10724.784361
8.46,53,10728.423813
8.76,57,10732.609174
7.45,49,10736.41955
8.24,53,10740.387781
8.16,57,10744.628148
8.58,60,10749.205032
8.05,52,10753.052822
9.13,61,10758.664483
7.95,57,10762.711309
7.04,40,10765.882178
6.98,43,10767.733186
7.67,48,10771.462083
7.74,50,10775.070096
8.12,51,10778.939447
8.35,57,10784.596427
7.14,50,10788.260962
7.72,50,10791.810392
8.07,52,10795.742244
7.98,56,10799.714056
6.91,42,10803.031922
7.33,50,10806.617873
7.79,49,10810.337783
8.16,58,10814.574838
7.44,48,10818.022541
7.46,47,10821.67188
8.01,54,10825.57419
8.14,52,10829.070847
9.35,62,10833.149698
8.43,58,10837.253138
8.82,54,10841.161972
8.9,59,10845.651486
7.73,53,10849.855014
7.66,48,10853.54407
6.5,42,10856.770973
8.48,57,10860.895318
8.39,56,10866.367515
7.85,48,10868.299385
8.43,54,10873.780323
7.68,49,10877.369907
8.18,52,10881.100506
8.81,59,10885.425281
8.37,54,10889.470969
3.7,23,10890.521769
7.77,48,10894.0924
5.7,37,10897.494735
8.5,54,10901.317979
8.8,58,10905.629452
8.95,62,10909.814877
7.46,49,10913.715228
9.12,58,10919.880239
6.79,46,10923.545232
7.88,53,10927.671673
7.12,43,10929.637453
8.7,56,10935.579374
8.13,60,10939.947874
2.09,14,10940.669146
7.72,54,10944.906861
8.44,56,10949.153369
6.38,39,10952.648631
5.91,40,10956.118624
8.41,55,10960.295159
8.39,56,10964.447215
7.23,43,10968.154978
8.23,57,10972.333873
8.63,57,10976.671806
8.39,55,10980.853717
8.7,55,10985.05848
7.97,57,10990.660886
7.99,50,10994.518244
8.71,57,10998.556103
8.51,58,11002.898369
8.4,55,11006.898912
8.49,53,11010.95077
3.62,24,11011.918472
8.77,53,11017.607462
8.66,56,11021.89929
8.64,58,11026.13229
8.17,55,11030.218706
7.64,49,11034.07119
8.51,55,11037.961414
6.92,43,11041.397626
8.33,55,11045.567216
8.0,51,11049.50909
3.08,21,11050.762098
8.13,54,11054.977186
8.31,55,11060.570107
7.8,51,11064.713927
8.02,50,11068.479094
7.65,49,11072.022892
8.18,53,11076.028355
7.6,46,11079.585537
7.68,53,11083.828503
8.53,59,11088.353811
7.71,49,11092.202464
9.14,59,11096.653738
7.15,48,11100.389232
8.89,58,11104.405757
8.48,56,11108.556142
7.39,48,11112.082488
8.76,55,11116.113941
8.93,62,11121.986502
7.33,47,11124.20915
8.98,59,11129.870547
7.37,47,11133.535775
4.97,31,11134.90938
7.78,52,11138.950895
8.51,57,11142.979943
8.29,54,11147.037296
6.78,41,11150.413789
7.58,50,11154.168934
7.44,48,11157.968891
7.43,50,11161.699822
7.5,48,11165.263394
7.65,51,11169.27983
7.68,49,11172.91165
6.33,42,11176.537772
8.0,55,11180.579828
8.27,54,11184.668004
8.78,61,11189.015262
8.19,55,11194.61477
8.91,60,11198.565436
8.81,56,11201.997346
7.8,62,11205.627586
8.55,55,11209.087086
6.08,37,11211.947726
7.8,49,11215.268899
7.45,52,11218.409719
6.06,43,11221.395391
6.81,45,11224.322813
6.15,38,11225.597129
6.88,42,11228.531268
6.81,47,11231.534629
6.42,40,11234.387473
8.33,61,11237.805172
7.72,49,11240.907009
9.24,63,11245.972217
5.65,33,11247.08154
8.47,57,11250.78494
7.57,50,11254.647536
8.19,58,11258.874636
8.12,51,11262.680577
8.1,57,11268.573343
6.58,46,11272.27013
7.22,47,11274.399071
7.61,54,11279.999357
7.6,50,11283.940139
8.51,53,11288.065916
7.15,45,11291.624253
6.54,43,11293.515367
9.17,61,11299.431784
7.69,51,11303.345734
7.93,49,11307.343919
6.6,45,11310.88774
7.37,50,11314.782364
7.26,46,11316.959143
8.37,59,11322.862421
8.67,61,11327.482482
8.9,62,11332.031093
8.6,58,11336.234133
8.38,55,11340.173196
7.61,51,11343.927693
6.48,47,11347.578759
7.57,49,11351.177421
5.23,31,11353.984821
8.97,59,11358.088265
7.74,49,11361.727639
8.42,59,11366.528866
8.37,56,11370.668528
8.69,60,11376.598802
6.1,34,11378.316766
8.49,56,11382.541362
8.31,51,11386.370243
8.06,52,11390.447271
7.76,55,11396.244166
6.35,42,11398.158382
8.31,54,11403.022882
8.3,53,11406.910043
6.94,45,11410.598201
7.8,52,11414.474844
8.29,55,11419.784534
6.94,43,11421.676025
4.41,29,11424.676128
7.68,48,11428.799254
7.91,54,11433.247065
7.73,51,11437.066605
8.51,57,11441.415678
8.43,55,11445.934864
2.56,20,11448.666299
6.73,42,11455.645693
7.82,50,11459.949839
8.68,56,11464.368826
6.26,38,11466.205455
9.06,61,11475.987501
8.02,52,11481.059717
8.5,54,11485.637369
6.96,43,11489.579733
7.65,50,11493.915804
7.79,54,11497.928193
4.18,25,11499.015186
0.88,8,11499.426822
7.85,53,11503.208127
8.92,58,11508.839115
2.99,20,11509.722073
7.04,43,11513.166846
7.98,52,11516.918981
9.25,61,11521.148952
7.97,53,11525.293164
8.21,51,11529.338092
7.33,48,11533.23584
8.27,53,11537.164518
7.93,56,11541.334371
7.76,54,11545.775308
7.91,58,11551.840239
7.6,58,11555.969384
7.79,50,11559.992523
6.72,42,11563.560165
7.86,52,11567.668723
8.43,59,11572.191169
7.57,51,11576.13005
8.1,49,11579.979259
7.21,44,11583.550106
7.74,48,11587.451061
5.1,36,11589.340877
3.47,25,11592.110191
7.31,48,11595.902645
6.16,39,11599.320139
6.04,40,11601.195312
8.06,53,11605.526432
6.44,39,11608.747968
7.43,55,11613.111987
8.03,52,11620.934571
7.38,46,11627.205774
7.09,42,11630.955779
8.78,59,11635.56491
7.41,48,11640.007543
5.96,41,11644.250192
